Title,Views,Likes,Dislikes,Comments,Duration,Upload_Date,Category,Subscribers,Channel_Name,Video_Tags,Video_Quality,Monetized
Home Workout #23,454693,15561,1015,2869,20:28,09-09-2022,Education,1583226,ReactGuru,"snacks, food, healthy",480p,Yes
Top 10 AI Tools #10,497913,17761,319,3811,09:57,20-01-2023,Lifestyle,1088631,WanderlustVibes,"ai, tools, technology",1080p,No
React JS Crash Course #36,452112,42982,3002,4946,14:54,23-09-2023,Technology,2261607,WanderlustVibes,"workout, fitness, home",480p,No
Digital Marketing Tips #40,345913,26423,474,7468,12:03,09-03-2023,Education,4277440,ReactGuru,"snacks, food, healthy",480p,Yes
Learn Python Basics #63,216447,23452,1675,3670,05:17,24-01-2023,Health,775990,CodeWithAtul,"marketing, tips, online",1080p,Yes
Daily Vlog #42,390902,40547,3153,5865,13:39,20-04-2022,Health,2062570,DailyExplorer,"travel, guide, adventure",720p,No
Top 10 AI Tools #100,401612,41165,1839,5974,14:02,08-09-2022,Education,1475051,AIWorld,"snacks, food, healthy",720p,No
Data Analysis with Python #60,190868,25949,2243,5537,04:08,03-08-2023,Education,2630938,CodeWithAtul,"yoga, health, wellness",1080p,No
Daily Vlog #83,305871,18682,1308,4770,10:47,09-04-2022,Marketing,2673170,AIWorld,"snacks, food, healthy",1080p,No
Healthy Snacks #33,476301,48274,1293,13776,16:00,21-08-2023,Marketing,3341052,YogaLife,"travel, guide, adventure",480p,No
Daily Vlog #67,97525,12305,383,3546,13:04,19-09-2023,Health,3252130,ReactGuru,"reactjs, coding, javascript",480p,Yes
Daily Vlog #27,162183,12613,812,1372,16:16,02-09-2022,Technology,3160960,AIWorld,"vlog, lifestyle, travel",480p,Yes
Travel Guide #83,122335,16198,397,2632,10:48,28-04-2023,Travel,308497,DailyExplorer,"yoga, health, wellness",1080p,No
Yoga for Beginners #37,23429,1040,44,184,04:51,13-01-2022,Lifestyle,2978941,CodeWithAtul,"travel, guide, adventure",720p,Yes
Travel Guide #59,203260,18980,1214,3339,11:42,08-08-2022,Lifestyle,609942,AIWorld,"snacks, food, healthy",720p,Yes
Digital Marketing Tips #66,382809,42127,991,7519,20:39,02-04-2022,Lifestyle,4785070,AIWorld,"reactjs, coding, javascript",480p,Yes
Healthy Snacks #61,446960,36443,494,9658,10:01,28-02-2023,Education,1465884,YogaLife,"marketing, tips, online",480p,No
Data Analysis with Python #9,475195,66701,2699,11732,04:01,09-07-2022,Travel,3278674,YogaLife,"python, programming, tutorial",720p,Yes
Home Workout #95,321005,16458,1434,2600,04:34,10-07-2022,Technology,942810,YogaLife,"workout, fitness, home",720p,No
Digital Marketing Tips #52,105625,4177,256,695,19:43,20-03-2023,Education,2133418,YogaLife,"travel, guide, adventure",1080p,Yes
Yoga for Beginners #90,99478,3403,128,796,11:55,26-05-2022,Marketing,1950390,DailyExplorer,"yoga, health, wellness",720p,No
Yoga for Beginners #68,362029,18215,1226,4874,09:38,06-08-2023,Education,1225542,CodeWithAtul,"vlog, lifestyle, travel",1080p,No
React JS Crash Course #41,254425,32880,2894,8521,05:46,09-01-2022,Travel,2079492,CodeWithAtul,"yoga, health, wellness",1080p,No
Healthy Snacks #1,262209,34254,1360,6260,08:51,10-01-2023,Technology,2370455,AIWorld,"snacks, food, healthy",720p,Yes
Home Workout #16,80177,8825,801,2018,06:44,11-09-2023,Education,1359253,CodeWithAtul,"vlog, lifestyle, travel",1080p,No
Home Workout #26,177717,15361,1405,2637,18:15,07-02-2022,Travel,1799716,CodeWithAtul,"reactjs, coding, javascript",720p,Yes
Top 10 AI Tools #58,79433,4457,194,557,18:54,17-08-2022,Lifestyle,2496290,YogaLife,"travel, guide, adventure",480p,Yes
Digital Marketing Tips #28,373022,20916,952,5149,04:57,23-07-2023,Marketing,4977277,DailyExplorer,"ai, tools, technology",1080p,Yes
Digital Marketing Tips #38,190429,9551,138,1797,10:30,29-01-2023,Marketing,3710769,WanderlustVibes,"snacks, food, healthy",720p,No
React JS Crash Course #99,238452,19474,271,4538,16:06,31-08-2022,Lifestyle,3892689,DailyExplorer,"workout, fitness, home",720p,Yes
Healthy Snacks #71,239656,11433,771,1745,11:28,06-05-2022,Health,1068236,YogaLife,"marketing, tips, online",1080p,No
Home Workout #32,160387,14951,619,4380,06:05,30-05-2023,Health,1207312,AIWorld,"vlog, lifestyle, travel",1080p,Yes
Yoga for Beginners #55,464345,36728,2618,8125,05:41,20-05-2022,Education,1553273,ReactGuru,"marketing, tips, online",480p,No
Data Analysis with Python #5,296496,42404,1297,5708,14:14,25-06-2023,Travel,4837397,CodeWithAtul,"marketing, tips, online",1080p,Yes
Travel Guide #84,53945,7484,285,1095,05:34,06-12-2023,Travel,1494316,DailyExplorer,"vlog, lifestyle, travel",480p,Yes
Yoga for Beginners #44,239186,32091,2832,4475,12:44,06-09-2023,Health,1808499,AIWorld,"workout, fitness, home",1080p,No
Learn Python Basics #84,283129,21958,853,3476,07:38,16-10-2022,Health,4789914,YogaLife,"travel, guide, adventure",480p,No
React JS Crash Course #9,390136,37611,1918,4180,07:05,22-12-2023,Health,4451631,WanderlustVibes,"vlog, lifestyle, travel",480p,Yes
Home Workout #96,445550,18282,1344,4614,12:35,20-12-2023,Lifestyle,723760,YogaLife,"marketing, tips, online",720p,Yes
Digital Marketing Tips #48,111309,4602,93,683,08:22,27-08-2022,Marketing,1289869,YogaLife,"ai, tools, technology",1080p,No
Travel Guide #8,378196,24383,2378,5802,07:57,18-05-2023,Education,2583084,CodeWithAtul,"yoga, health, wellness",720p,No
Data Analysis with Python #98,259272,32101,1078,7011,11:08,03-09-2023,Education,328482,WanderlustVibes,"ai, tools, technology",480p,No
React JS Crash Course #30,472634,21764,1192,4092,18:18,13-04-2023,Education,3054691,CodeWithAtul,"yoga, health, wellness",720p,Yes
React JS Crash Course #34,170194,22305,583,5286,05:30,05-06-2023,Travel,1344286,DailyExplorer,"snacks, food, healthy",720p,No
React JS Crash Course #55,79162,9644,572,2765,16:01,05-08-2023,Travel,2317670,WanderlustVibes,"vlog, lifestyle, travel",720p,Yes
Daily Vlog #23,190600,21758,1343,2574,06:41,18-06-2023,Technology,3376628,ReactGuru,"snacks, food, healthy",720p,No
Digital Marketing Tips #85,303305,22926,2195,5756,14:55,14-01-2023,Health,3850721,DailyExplorer,"python, programming, tutorial",1080p,No
Travel Guide #86,276582,13923,184,3999,14:30,18-05-2022,Technology,3534105,YogaLife,"snacks, food, healthy",720p,Yes
Data Analysis with Python #92,381738,18939,449,5281,14:06,05-07-2023,Lifestyle,2883065,DailyExplorer,"snacks, food, healthy",480p,No
Top 10 AI Tools #4,423529,27578,808,4137,14:47,30-12-2023,Technology,1177647,DailyExplorer,"workout, fitness, home",480p,Yes
Top 10 AI Tools #59,359264,16478,972,2534,07:28,28-06-2023,Technology,3912544,WanderlustVibes,"yoga, health, wellness",480p,Yes
React JS Crash Course #92,494858,36427,1101,7160,08:24,26-02-2023,Lifestyle,4989449,AIWorld,"python, programming, tutorial",480p,Yes
Home Workout #36,472636,43988,3033,12565,17:01,02-12-2022,Lifestyle,2215851,AIWorld,"snacks, food, healthy",1080p,No
Yoga for Beginners #63,134745,17740,635,2241,11:39,18-08-2022,Marketing,2660705,CodeWithAtul,"python, programming, tutorial",480p,Yes
React JS Crash Course #18,488762,27166,1195,4937,18:19,08-01-2023,Travel,1890295,AIWorld,"python, programming, tutorial",480p,No
React JS Crash Course #72,317287,27569,763,3126,10:01,12-08-2022,Marketing,2584966,WanderlustVibes,"workout, fitness, home",1080p,Yes
Data Analysis with Python #22,260305,14872,220,1623,08:35,26-08-2022,Lifestyle,3604291,WanderlustVibes,"vlog, lifestyle, travel",1080p,Yes
Yoga for Beginners #48,209378,25075,2044,5910,08:27,03-02-2022,Lifestyle,3029615,AIWorld,"python, programming, tutorial",480p,No
Home Workout #89,43473,1905,110,278,19:50,03-12-2023,Lifestyle,2050329,WanderlustVibes,"ai, tools, technology",720p,No
Yoga for Beginners #28,189541,18027,1507,2624,12:45,12-08-2023,Lifestyle,2023735,YogaLife,"travel, guide, adventure",480p,Yes
Travel Guide #17,100057,12708,1131,3033,09:01,19-10-2022,Marketing,4238280,ReactGuru,"python, programming, tutorial",720p,No
Learn Python Basics #25,451294,55390,555,11822,17:18,10-11-2023,Marketing,1904488,YogaLife,"marketing, tips, online",1080p,Yes
Digital Marketing Tips #99,197416,26633,1785,7189,10:55,02-04-2022,Technology,1433122,YogaLife,"yoga, health, wellness",480p,No
Digital Marketing Tips #90,211053,29084,1390,7124,09:20,10-04-2022,Health,803194,DailyExplorer,"reactjs, coding, javascript",1080p,Yes
Home Workout #100,137445,13607,262,3834,09:59,04-10-2022,Travel,1787084,ReactGuru,"reactjs, coding, javascript",720p,Yes
Home Workout #20,397326,51789,1396,6692,11:02,17-04-2022,Technology,204499,AIWorld,"vlog, lifestyle, travel",1080p,No
Data Analysis with Python #53,26791,1025,83,138,05:45,10-01-2022,Marketing,3741960,AIWorld,"python, programming, tutorial",1080p,No
Data Analysis with Python #94,192568,22218,371,2772,15:22,18-03-2022,Education,84685,YogaLife,"travel, guide, adventure",1080p,No
Travel Guide #36,173028,10389,705,2724,11:07,27-10-2023,Education,3898692,ReactGuru,"vlog, lifestyle, travel",480p,No
Home Workout #50,235406,12288,1171,2932,08:14,02-03-2023,Lifestyle,3841806,AIWorld,"travel, guide, adventure",720p,No
Home Workout #37,170371,16733,1337,4546,18:27,25-09-2022,Education,28503,WanderlustVibes,"travel, guide, adventure",1080p,No
Healthy Snacks #57,312470,26859,2605,3459,16:35,19-03-2022,Education,4544716,DailyExplorer,"workout, fitness, home",1080p,Yes
Digital Marketing Tips #13,253258,25764,2198,7633,10:53,24-11-2023,Technology,1757206,YogaLife,"marketing, tips, online",480p,No
Daily Vlog #59,185510,21688,1957,6458,18:02,30-10-2023,Marketing,1623900,YogaLife,"travel, guide, adventure",480p,No
Yoga for Beginners #29,212390,10345,375,1322,13:15,22-06-2022,Marketing,3050045,DailyExplorer,"python, programming, tutorial",720p,No
Healthy Snacks #55,336552,35042,2105,4189,05:51,12-07-2023,Health,3333105,CodeWithAtul,"workout, fitness, home",480p,No
Digital Marketing Tips #62,49348,7333,687,1248,13:42,14-07-2022,Travel,1891269,AIWorld,"travel, guide, adventure",480p,No
Yoga for Beginners #35,174632,13444,245,1458,10:13,25-10-2022,Lifestyle,3026735,WanderlustVibes,"vlog, lifestyle, travel",720p,No
Data Analysis with Python #87,382784,53904,2799,8974,12:28,26-05-2023,Travel,1144860,CodeWithAtul,"vlog, lifestyle, travel",1080p,Yes
Top 10 AI Tools #69,228357,30779,2658,3958,13:07,04-12-2023,Health,2935580,WanderlustVibes,"vlog, lifestyle, travel",480p,Yes
Daily Vlog #50,262706,17456,586,2102,15:39,15-05-2023,Travel,3928438,YogaLife,"travel, guide, adventure",480p,Yes
Home Workout #68,58963,2727,108,439,08:28,20-10-2023,Health,952863,DailyExplorer,"workout, fitness, home",720p,No
Healthy Snacks #72,42633,5663,501,1092,10:14,28-05-2023,Health,3546312,YogaLife,"yoga, health, wellness",1080p,Yes
Healthy Snacks #12,19308,1337,78,234,12:32,03-11-2023,Health,4296633,DailyExplorer,"ai, tools, technology",720p,Yes
Yoga for Beginners #58,359522,25672,382,2722,19:41,13-09-2023,Education,1732377,WanderlustVibes,"ai, tools, technology",480p,Yes
Digital Marketing Tips #18,96086,13409,1106,3595,05:02,22-07-2022,Health,22920,AIWorld,"travel, guide, adventure",720p,No
Healthy Snacks #64,414964,24187,497,6857,05:04,02-08-2022,Marketing,1460029,YogaLife,"marketing, tips, online",720p,No
React JS Crash Course #78,26288,3557,59,922,14:37,16-04-2023,Health,2969060,YogaLife,"snacks, food, healthy",480p,Yes
Yoga for Beginners #10,17870,756,10,160,08:24,07-02-2023,Travel,2740429,DailyExplorer,"travel, guide, adventure",1080p,No
Data Analysis with Python #31,190743,25420,1964,7219,19:50,10-03-2022,Health,524870,CodeWithAtul,"vlog, lifestyle, travel",480p,No
React JS Crash Course #38,450011,46497,3304,11742,19:20,20-01-2023,Technology,1789264,DailyExplorer,"snacks, food, healthy",480p,Yes
Learn Python Basics #29,413718,50082,4902,5510,14:17,28-09-2023,Marketing,1408661,YogaLife,"travel, guide, adventure",720p,Yes
Healthy Snacks #94,248799,30893,2400,6065,19:53,12-05-2022,Lifestyle,654667,ReactGuru,"travel, guide, adventure",480p,No
Digital Marketing Tips #82,460654,24945,750,4999,07:49,06-11-2022,Lifestyle,2912606,WanderlustVibes,"marketing, tips, online",720p,No
Data Analysis with Python #10,290368,38510,1724,8923,15:58,05-01-2023,Health,1744688,YogaLife,"yoga, health, wellness",1080p,Yes
Daily Vlog #32,461245,68071,6460,9196,03:16,06-07-2023,Health,132494,DailyExplorer,"reactjs, coding, javascript",1080p,Yes
Digital Marketing Tips #72,241222,17728,1472,3090,19:27,30-08-2022,Health,2786348,DailyExplorer,"reactjs, coding, javascript",720p,No
Digital Marketing Tips #18,334716,22439,1095,6026,07:04,14-06-2023,Lifestyle,4786448,YogaLife,"yoga, health, wellness",720p,Yes
Yoga for Beginners #1,464409,23647,1069,2777,11:25,26-09-2023,Education,1970477,YogaLife,"python, programming, tutorial",480p,Yes
Yoga for Beginners #87,28834,3963,310,949,17:27,15-09-2023,Education,124028,ReactGuru,"reactjs, coding, javascript",720p,Yes
Daily Vlog #7,316667,14330,569,2125,09:46,29-04-2023,Travel,244478,DailyExplorer,"marketing, tips, online",1080p,Yes
Data Analysis with Python #5,21836,1687,114,326,06:52,23-04-2023,Technology,3497210,DailyExplorer,"python, programming, tutorial",720p,No
Data Analysis with Python #8,486413,39658,1517,10285,11:01,16-07-2022,Lifestyle,2293462,CodeWithAtul,"reactjs, coding, javascript",1080p,Yes
React JS Crash Course #67,300732,35286,2295,6362,12:07,17-08-2022,Education,160402,AIWorld,"yoga, health, wellness",720p,Yes
Yoga for Beginners #31,128848,17454,1038,2940,16:42,28-08-2022,Technology,235832,ReactGuru,"snacks, food, healthy",720p,Yes
Daily Vlog #21,392252,25829,1480,4679,20:00,06-03-2023,Technology,371908,DailyExplorer,"snacks, food, healthy",480p,No
Yoga for Beginners #10,27535,3241,137,679,07:40,30-01-2023,Education,1147177,WanderlustVibes,"python, programming, tutorial",720p,No
Healthy Snacks #91,368239,27641,1264,5402,16:43,16-02-2023,Marketing,2597219,DailyExplorer,"python, programming, tutorial",480p,Yes
Data Analysis with Python #80,254692,17473,1279,4095,08:27,14-06-2023,Health,1700609,CodeWithAtul,"reactjs, coding, javascript",1080p,Yes
React JS Crash Course #59,191770,26989,1236,4136,14:53,17-05-2023,Travel,4470625,ReactGuru,"reactjs, coding, javascript",480p,No
Learn Python Basics #13,480655,28069,1416,4814,11:07,10-11-2023,Travel,4261550,WanderlustVibes,"reactjs, coding, javascript",480p,Yes
Healthy Snacks #29,357320,39644,1461,11117,15:14,03-06-2023,Marketing,3698695,DailyExplorer,"vlog, lifestyle, travel",1080p,No
Daily Vlog #42,139368,18918,939,5437,07:33,11-10-2023,Travel,1062480,CodeWithAtul,"yoga, health, wellness",720p,Yes
Digital Marketing Tips #5,430040,33695,849,3429,14:54,25-01-2023,Lifestyle,3924103,CodeWithAtul,"snacks, food, healthy",1080p,No
React JS Crash Course #65,442774,52590,3085,5764,14:04,25-08-2023,Lifestyle,2145909,WanderlustVibes,"workout, fitness, home",720p,Yes
Digital Marketing Tips #46,116805,16034,866,4475,15:25,09-06-2023,Technology,4527172,AIWorld,"travel, guide, adventure",480p,Yes
Data Analysis with Python #55,26209,2923,111,625,08:53,03-12-2023,Health,1204384,CodeWithAtul,"travel, guide, adventure",720p,No
Daily Vlog #66,404945,41267,3475,6468,19:40,05-03-2023,Technology,1081151,CodeWithAtul,"python, programming, tutorial",1080p,Yes
Healthy Snacks #66,365594,49679,3848,8470,13:14,07-07-2023,Education,71389,ReactGuru,"yoga, health, wellness",1080p,Yes
Digital Marketing Tips #72,485881,22870,952,5551,07:53,17-01-2023,Marketing,4182165,DailyExplorer,"python, programming, tutorial",480p,Yes
Learn Python Basics #74,242292,14992,751,2057,08:35,10-11-2023,Lifestyle,1376915,YogaLife,"reactjs, coding, javascript",1080p,No
Data Analysis with Python #59,481383,53864,3038,11731,20:33,24-05-2023,Health,4284885,YogaLife,"yoga, health, wellness",480p,Yes
React JS Crash Course #20,109608,4668,256,1185,16:30,27-03-2022,Education,71321,CodeWithAtul,"marketing, tips, online",1080p,No
React JS Crash Course #17,193708,13639,407,2155,18:48,09-11-2022,Marketing,4187912,YogaLife,"ai, tools, technology",480p,Yes
Daily Vlog #47,421937,19242,923,5200,12:25,21-06-2023,Travel,604494,WanderlustVibes,"python, programming, tutorial",1080p,No
Home Workout #48,216175,12186,485,2052,15:53,18-04-2023,Lifestyle,1200374,ReactGuru,"reactjs, coding, javascript",720p,Yes
Home Workout #74,362110,30536,1063,9101,13:16,08-09-2023,Technology,2898256,ReactGuru,"vlog, lifestyle, travel",720p,No
Healthy Snacks #25,73742,5933,580,1328,05:44,26-02-2023,Travel,972007,YogaLife,"snacks, food, healthy",480p,No
Learn Python Basics #80,359286,14025,943,3841,10:34,19-03-2023,Lifestyle,4348552,WanderlustVibes,"travel, guide, adventure",1080p,Yes
Travel Guide #1,302581,38661,3314,8215,08:36,26-11-2022,Technology,4717753,AIWorld,"snacks, food, healthy",1080p,No
Data Analysis with Python #5,56142,2619,212,508,18:37,22-06-2022,Lifestyle,2840526,AIWorld,"reactjs, coding, javascript",1080p,Yes
Home Workout #39,488055,54597,2113,11291,04:20,18-09-2023,Marketing,4492056,ReactGuru,"reactjs, coding, javascript",1080p,No
Data Analysis with Python #75,261088,22305,1002,3300,03:09,09-09-2023,Technology,4497029,WanderlustVibes,"workout, fitness, home",480p,No
React JS Crash Course #100,100464,7592,252,1886,07:25,21-12-2022,Lifestyle,1512406,CodeWithAtul,"yoga, health, wellness",480p,No
Travel Guide #72,280600,16546,814,3700,04:28,19-12-2022,Lifestyle,4352664,YogaLife,"travel, guide, adventure",1080p,Yes
Learn Python Basics #6,433865,35815,593,10498,18:27,15-01-2022,Health,434977,ReactGuru,"snacks, food, healthy",720p,No
Learn Python Basics #19,44326,3308,268,756,03:33,20-03-2023,Technology,3145278,ReactGuru,"ai, tools, technology",1080p,No
Digital Marketing Tips #62,262987,14641,668,3840,03:35,01-10-2023,Marketing,3051346,WanderlustVibes,"vlog, lifestyle, travel",720p,Yes
Travel Guide #24,179630,8205,563,2360,03:56,05-03-2023,Marketing,4076903,DailyExplorer,"yoga, health, wellness",480p,Yes
Top 10 AI Tools #45,361514,25640,482,6141,18:49,13-03-2022,Travel,516627,AIWorld,"marketing, tips, online",720p,Yes
Digital Marketing Tips #67,172444,10631,522,1243,08:54,09-08-2023,Education,2986676,ReactGuru,"marketing, tips, online",1080p,No
Daily Vlog #97,148846,11393,410,3161,16:20,05-07-2023,Health,1866377,DailyExplorer,"snacks, food, healthy",480p,No
Home Workout #51,120228,5530,102,1304,11:08,25-08-2023,Marketing,1799646,AIWorld,"reactjs, coding, javascript",1080p,No
Travel Guide #16,137782,17310,1438,4636,03:53,03-02-2022,Technology,3270342,YogaLife,"yoga, health, wellness",1080p,No
Home Workout #55,437648,36561,3345,7159,10:35,14-06-2023,Travel,4724729,AIWorld,"snacks, food, healthy",720p,Yes
Digital Marketing Tips #26,194671,24036,519,5651,15:21,26-06-2023,Health,3764694,CodeWithAtul,"marketing, tips, online",1080p,Yes
Home Workout #37,106201,4268,392,910,15:05,09-12-2022,Marketing,74537,DailyExplorer,"workout, fitness, home",720p,Yes
Learn Python Basics #73,156991,8001,92,1494,17:25,25-04-2022,Lifestyle,1390088,YogaLife,"workout, fitness, home",480p,No
React JS Crash Course #99,393792,36184,617,6935,19:59,12-02-2022,Education,1081760,YogaLife,"reactjs, coding, javascript",480p,Yes
Yoga for Beginners #15,343310,43548,3973,11012,11:44,11-05-2022,Health,3766376,WanderlustVibes,"yoga, health, wellness",720p,No
Data Analysis with Python #40,42989,1353,69,265,15:51,28-03-2023,Travel,1264587,YogaLife,"vlog, lifestyle, travel",1080p,No
Travel Guide #84,162979,9452,95,1307,19:34,03-05-2023,Lifestyle,3758185,YogaLife,"travel, guide, adventure",720p,Yes
Daily Vlog #24,479422,57745,5772,12512,19:26,24-05-2023,Technology,1459886,ReactGuru,"reactjs, coding, javascript",480p,Yes
Healthy Snacks #35,64023,5484,163,1034,16:33,02-05-2022,Health,1043857,CodeWithAtul,"snacks, food, healthy",720p,No
Learn Python Basics #2,301950,27268,2681,6150,08:02,25-11-2023,Travel,633605,AIWorld,"python, programming, tutorial",480p,Yes
Travel Guide #84,267887,12591,1194,2769,13:40,05-03-2023,Technology,1354116,AIWorld,"python, programming, tutorial",480p,Yes
Top 10 AI Tools #88,83331,3362,158,650,11:27,18-07-2023,Marketing,1652412,YogaLife,"vlog, lifestyle, travel",480p,No
Yoga for Beginners #93,167523,20450,1681,4337,17:29,16-06-2022,Travel,982769,ReactGuru,"workout, fitness, home",1080p,Yes
Top 10 AI Tools #97,317696,26752,2547,3477,19:16,01-11-2022,Education,1430552,AIWorld,"marketing, tips, online",1080p,Yes
Yoga for Beginners #6,137645,17989,1195,3830,17:57,25-11-2022,Technology,4762110,AIWorld,"vlog, lifestyle, travel",1080p,No
Learn Python Basics #37,456359,27752,2467,7076,15:31,22-12-2023,Marketing,4601562,CodeWithAtul,"python, programming, tutorial",1080p,No
React JS Crash Course #57,483192,46211,4516,8372,17:27,24-07-2023,Education,3916178,YogaLife,"reactjs, coding, javascript",720p,Yes
Daily Vlog #32,203444,14774,761,3244,14:38,01-07-2023,Marketing,3194915,YogaLife,"marketing, tips, online",720p,Yes
Learn Python Basics #7,462915,64270,2020,14243,06:29,15-03-2023,Technology,1391351,AIWorld,"workout, fitness, home",1080p,No
Yoga for Beginners #48,14724,917,66,185,07:46,27-05-2023,Health,3961929,DailyExplorer,"snacks, food, healthy",720p,Yes
React JS Crash Course #8,296668,25797,800,7633,13:12,08-04-2023,Technology,2684882,DailyExplorer,"vlog, lifestyle, travel",480p,Yes
Yoga for Beginners #10,276768,28525,2150,7787,10:54,20-11-2023,Education,4552785,WanderlustVibes,"yoga, health, wellness",720p,Yes
Learn Python Basics #39,432777,18642,1577,5507,15:32,01-05-2022,Travel,3838343,DailyExplorer,"snacks, food, healthy",1080p,No
Travel Guide #89,183324,23193,1783,2949,19:05,17-02-2022,Technology,2768151,YogaLife,"reactjs, coding, javascript",1080p,Yes
Digital Marketing Tips #65,499526,33759,3240,7777,05:52,07-06-2023,Travel,1803762,WanderlustVibes,"ai, tools, technology",1080p,No
Healthy Snacks #13,320902,46383,2521,7394,17:35,19-12-2023,Marketing,3274618,DailyExplorer,"ai, tools, technology",480p,Yes
Digital Marketing Tips #51,314582,43937,2487,11840,10:24,10-08-2023,Education,4943118,ReactGuru,"workout, fitness, home",720p,No
Daily Vlog #58,433343,38522,452,6100,13:23,14-03-2023,Health,75089,WanderlustVibes,"workout, fitness, home",1080p,No
Top 10 AI Tools #99,228383,23498,2021,3765,18:57,06-04-2022,Travel,4311150,CodeWithAtul,"workout, fitness, home",720p,No
Learn Python Basics #28,138687,5914,362,955,14:50,17-04-2022,Education,3108755,WanderlustVibes,"yoga, health, wellness",480p,No
Learn Python Basics #74,480117,41295,988,6423,03:22,27-06-2022,Marketing,984606,YogaLife,"workout, fitness, home",1080p,Yes
Digital Marketing Tips #68,208465,17006,1024,2969,04:39,17-02-2023,Marketing,2633139,AIWorld,"travel, guide, adventure",480p,No
React JS Crash Course #20,179957,23826,624,5858,11:11,13-11-2023,Marketing,4805194,DailyExplorer,"workout, fitness, home",480p,No
Daily Vlog #97,169916,5499,273,570,18:42,09-06-2023,Marketing,2835338,ReactGuru,"yoga, health, wellness",720p,Yes
Home Workout #23,462775,38371,388,9731,05:21,04-03-2022,Health,2926221,WanderlustVibes,"reactjs, coding, javascript",1080p,No
Data Analysis with Python #96,22438,1792,115,243,11:42,20-02-2022,Travel,3492311,YogaLife,"ai, tools, technology",1080p,Yes
React JS Crash Course #78,379310,50225,2182,5056,12:33,08-07-2022,Travel,2617177,ReactGuru,"travel, guide, adventure",480p,Yes
Top 10 AI Tools #7,477085,24489,769,5162,18:20,20-07-2022,Education,146112,CodeWithAtul,"workout, fitness, home",1080p,No
Yoga for Beginners #84,407716,23088,534,6594,04:42,27-07-2023,Marketing,3537637,CodeWithAtul,"marketing, tips, online",720p,No
Digital Marketing Tips #26,47222,6152,267,682,08:31,06-12-2023,Marketing,542519,ReactGuru,"reactjs, coding, javascript",480p,Yes
Digital Marketing Tips #39,313701,17857,862,3451,14:30,30-11-2022,Technology,1200516,DailyExplorer,"python, programming, tutorial",1080p,No
Travel Guide #50,262209,11024,953,2512,04:42,04-07-2022,Lifestyle,1192008,AIWorld,"yoga, health, wellness",1080p,Yes
Home Workout #20,101738,9259,919,2293,17:50,30-12-2023,Travel,1076880,YogaLife,"yoga, health, wellness",1080p,No
Home Workout #69,179850,20482,1843,2756,04:39,11-07-2022,Education,4270973,CodeWithAtul,"reactjs, coding, javascript",1080p,Yes
Data Analysis with Python #44,433863,17497,354,4746,20:10,03-05-2023,Health,4100771,ReactGuru,"marketing, tips, online",480p,Yes
Travel Guide #72,470326,29112,539,3032,03:39,30-10-2023,Health,3674086,ReactGuru,"ai, tools, technology",720p,Yes
Yoga for Beginners #52,478294,59860,4047,7465,12:56,15-11-2023,Health,3822406,YogaLife,"vlog, lifestyle, travel",720p,No
Digital Marketing Tips #18,65108,2895,182,459,15:54,06-02-2022,Technology,2891675,WanderlustVibes,"yoga, health, wellness",480p,No
Learn Python Basics #46,206237,22115,2144,3049,05:14,25-12-2023,Marketing,3782120,WanderlustVibes,"reactjs, coding, javascript",1080p,Yes
Yoga for Beginners #59,372424,38255,3369,4985,10:33,12-11-2022,Technology,2916496,AIWorld,"workout, fitness, home",480p,No
Daily Vlog #66,478771,20947,1170,3200,19:41,31-01-2022,Education,3544697,CodeWithAtul,"ai, tools, technology",480p,No
Digital Marketing Tips #41,426193,37622,587,7838,15:54,02-05-2023,Health,136525,DailyExplorer,"python, programming, tutorial",720p,Yes
Travel Guide #61,280475,19983,419,3966,15:46,08-01-2023,Travel,3793066,CodeWithAtul,"vlog, lifestyle, travel",480p,No
Home Workout #49,38429,3724,80,532,08:40,05-12-2022,Health,779504,WanderlustVibes,"python, programming, tutorial",720p,No
Travel Guide #83,340242,28519,1300,5557,17:08,17-11-2022,Education,3706688,AIWorld,"travel, guide, adventure",480p,No
Learn Python Basics #7,220321,25453,784,4285,06:36,30-09-2022,Health,2642647,CodeWithAtul,"python, programming, tutorial",1080p,Yes
Yoga for Beginners #80,342150,31712,3037,3461,16:37,26-04-2023,Lifestyle,1961506,WanderlustVibes,"reactjs, coding, javascript",720p,No
Learn Python Basics #54,160864,14668,1397,3491,15:45,08-10-2022,Health,4863560,DailyExplorer,"snacks, food, healthy",480p,Yes
Data Analysis with Python #90,301626,41361,3367,9522,16:02,22-10-2022,Lifestyle,285835,AIWorld,"reactjs, coding, javascript",720p,Yes
Digital Marketing Tips #22,165630,15793,834,3051,10:55,11-07-2022,Technology,932784,ReactGuru,"vlog, lifestyle, travel",1080p,Yes
Daily Vlog #31,322627,45672,3245,10184,16:42,23-11-2023,Health,1131004,AIWorld,"vlog, lifestyle, travel",720p,No
Top 10 AI Tools #94,29482,3533,227,731,16:00,15-04-2022,Health,2691152,ReactGuru,"yoga, health, wellness",480p,Yes
Digital Marketing Tips #76,339613,16475,1107,3360,04:01,16-10-2022,Lifestyle,2848479,CodeWithAtul,"marketing, tips, online",480p,Yes
Learn Python Basics #44,433573,63130,1156,15071,04:46,10-01-2023,Health,5786,WanderlustVibes,"travel, guide, adventure",1080p,Yes
Learn Python Basics #65,389846,52808,5206,9638,03:16,07-12-2022,Health,4783698,CodeWithAtul,"python, programming, tutorial",720p,No
Yoga for Beginners #91,97930,8988,198,915,11:44,09-10-2023,Marketing,844982,AIWorld,"snacks, food, healthy",480p,Yes
Daily Vlog #8,86848,5853,99,1660,11:59,07-04-2023,Technology,1222505,YogaLife,"reactjs, coding, javascript",720p,No
Travel Guide #23,466335,56362,1006,5914,09:24,27-11-2022,Education,1541533,YogaLife,"travel, guide, adventure",480p,No
Learn Python Basics #26,307601,24461,1028,5127,04:01,05-06-2022,Travel,374055,AIWorld,"yoga, health, wellness",1080p,No
Learn Python Basics #73,362191,17189,1037,4791,07:44,24-07-2023,Marketing,1319579,ReactGuru,"marketing, tips, online",1080p,No
Healthy Snacks #76,270954,28802,464,3972,04:04,01-12-2023,Marketing,837840,AIWorld,"vlog, lifestyle, travel",480p,No
Daily Vlog #36,316400,21906,1117,4685,08:39,05-09-2023,Technology,663326,YogaLife,"travel, guide, adventure",480p,Yes
Digital Marketing Tips #32,70829,10573,273,2701,05:43,25-12-2022,Lifestyle,2966736,AIWorld,"ai, tools, technology",480p,No
Home Workout #68,76418,4868,317,708,17:59,24-06-2023,Education,2672750,ReactGuru,"travel, guide, adventure",1080p,Yes
Travel Guide #7,345853,43883,2237,12626,19:32,01-08-2023,Travel,3419841,AIWorld,"snacks, food, healthy",1080p,No
Yoga for Beginners #85,476305,53509,4479,13025,10:24,21-07-2022,Travel,3750507,YogaLife,"travel, guide, adventure",1080p,Yes
Digital Marketing Tips #82,79636,5508,361,1379,16:12,03-07-2023,Health,1018978,YogaLife,"ai, tools, technology",1080p,No
Top 10 AI Tools #12,223678,30622,1381,7462,12:58,12-01-2023,Education,2524555,DailyExplorer,"snacks, food, healthy",480p,No
Home Workout #56,224143,8565,765,1268,12:13,19-03-2022,Education,3989849,YogaLife,"python, programming, tutorial",1080p,No
Yoga for Beginners #79,171538,12864,1272,1553,20:03,04-07-2022,Travel,1563779,CodeWithAtul,"marketing, tips, online",720p,Yes
Healthy Snacks #73,415605,27666,1626,6404,12:53,06-10-2022,Technology,3424530,DailyExplorer,"vlog, lifestyle, travel",480p,Yes
Home Workout #51,341141,36329,2372,5734,09:23,18-08-2022,Travel,3750059,WanderlustVibes,"marketing, tips, online",1080p,Yes
Yoga for Beginners #38,343118,41337,1252,11848,19:13,26-06-2022,Lifestyle,4784797,DailyExplorer,"marketing, tips, online",480p,Yes
Learn Python Basics #73,228200,33602,3125,7218,14:58,14-01-2022,Travel,1301369,AIWorld,"ai, tools, technology",1080p,No
Digital Marketing Tips #14,269371,28252,1844,5489,17:05,09-07-2023,Travel,1096007,CodeWithAtul,"vlog, lifestyle, travel",1080p,No
Learn Python Basics #87,16929,2339,165,410,03:32,07-03-2022,Marketing,2531916,ReactGuru,"python, programming, tutorial",720p,Yes
Healthy Snacks #37,333702,47662,1062,7819,05:34,18-01-2023,Travel,2649614,ReactGuru,"ai, tools, technology",720p,Yes
Top 10 AI Tools #91,21314,1123,84,158,13:39,13-03-2023,Technology,3670859,YogaLife,"yoga, health, wellness",1080p,No
Learn Python Basics #7,93987,12410,737,2461,20:52,18-04-2023,Marketing,437923,YogaLife,"reactjs, coding, javascript",1080p,No
Healthy Snacks #92,230687,14947,859,2286,08:01,06-11-2023,Technology,4744724,ReactGuru,"python, programming, tutorial",1080p,Yes
Home Workout #13,310953,42989,1735,10749,06:24,09-03-2022,Education,3090884,CodeWithAtul,"yoga, health, wellness",1080p,Yes
Home Workout #42,178582,25561,498,6930,09:34,07-05-2023,Education,1357165,AIWorld,"reactjs, coding, javascript",720p,Yes
Home Workout #23,425770,57306,1599,6789,03:36,21-01-2023,Education,4846136,CodeWithAtul,"travel, guide, adventure",720p,No
Daily Vlog #21,281492,25506,1078,3310,16:00,07-01-2022,Marketing,4339494,DailyExplorer,"snacks, food, healthy",720p,Yes
Daily Vlog #70,470971,28729,1180,4340,12:55,22-02-2023,Education,4001160,ReactGuru,"snacks, food, healthy",480p,No
Home Workout #9,212089,28500,2436,5667,17:11,02-03-2023,Marketing,2395244,ReactGuru,"vlog, lifestyle, travel",1080p,No
Travel Guide #17,387086,12781,1201,3239,04:39,01-01-2024,Marketing,942390,WanderlustVibes,"travel, guide, adventure",480p,Yes
Travel Guide #4,53318,5455,56,1195,16:05,05-05-2022,Lifestyle,617888,ReactGuru,"yoga, health, wellness",480p,No
Healthy Snacks #9,120827,8100,192,2092,18:53,24-09-2022,Marketing,2674732,CodeWithAtul,"ai, tools, technology",1080p,No
Healthy Snacks #39,39227,2094,113,408,20:48,07-11-2023,Education,3545989,WanderlustVibes,"reactjs, coding, javascript",720p,Yes
Yoga for Beginners #48,197986,13340,302,2370,19:08,06-11-2022,Lifestyle,4250998,AIWorld,"workout, fitness, home",720p,Yes
Yoga for Beginners #74,192024,25497,1520,3206,07:43,14-02-2022,Lifestyle,3394191,CodeWithAtul,"reactjs, coding, javascript",1080p,Yes
Home Workout #44,247119,12017,136,1863,05:15,28-03-2022,Health,4564098,AIWorld,"ai, tools, technology",480p,No
React JS Crash Course #69,286510,25151,2245,3815,09:20,29-04-2023,Education,4991358,WanderlustVibes,"travel, guide, adventure",1080p,Yes
Travel Guide #22,80031,10320,314,1346,18:06,05-10-2023,Lifestyle,1573585,YogaLife,"snacks, food, healthy",1080p,Yes
Data Analysis with Python #76,303853,14192,806,2117,13:43,24-07-2023,Lifestyle,2889573,DailyExplorer,"travel, guide, adventure",720p,Yes
Yoga for Beginners #94,108391,15916,1113,2646,18:49,10-12-2022,Lifestyle,1062054,CodeWithAtul,"ai, tools, technology",480p,Yes
Home Workout #55,104595,3853,351,907,10:33,25-04-2023,Education,3700192,DailyExplorer,"reactjs, coding, javascript",1080p,Yes
Digital Marketing Tips #73,45555,4515,109,464,05:09,16-01-2023,Travel,1323004,DailyExplorer,"vlog, lifestyle, travel",1080p,Yes
Data Analysis with Python #62,475183,41305,917,7033,03:59,22-12-2023,Technology,4262798,DailyExplorer,"python, programming, tutorial",720p,No
Travel Guide #96,412246,45707,3811,12606,04:11,07-05-2022,Lifestyle,4266487,YogaLife,"marketing, tips, online",1080p,No
Healthy Snacks #84,416443,17788,1395,3404,03:36,19-11-2022,Health,4251830,AIWorld,"reactjs, coding, javascript",1080p,No
React JS Crash Course #52,281077,20535,435,6153,04:36,01-10-2023,Health,2431910,ReactGuru,"marketing, tips, online",480p,Yes
Digital Marketing Tips #68,364925,25985,1507,7059,16:09,26-11-2022,Travel,4900469,ReactGuru,"reactjs, coding, javascript",1080p,No
Travel Guide #33,189926,17261,929,3776,15:36,19-05-2023,Travel,576271,ReactGuru,"ai, tools, technology",480p,No
Digital Marketing Tips #28,66941,2272,191,242,07:31,20-11-2023,Education,3814943,YogaLife,"travel, guide, adventure",720p,No
Healthy Snacks #32,369493,40246,3024,8591,12:01,18-08-2022,Education,3352528,DailyExplorer,"vlog, lifestyle, travel",720p,Yes
Data Analysis with Python #52,409205,57446,3741,8425,20:22,27-08-2023,Technology,2166372,WanderlustVibes,"marketing, tips, online",480p,No
Daily Vlog #64,82599,3667,213,875,09:56,14-03-2023,Marketing,2770380,DailyExplorer,"reactjs, coding, javascript",1080p,Yes
Travel Guide #47,226583,17914,1228,3957,18:14,14-11-2023,Technology,725558,WanderlustVibes,"marketing, tips, online",480p,Yes
React JS Crash Course #83,399253,41576,1966,9360,07:37,28-04-2022,Marketing,326977,CodeWithAtul,"snacks, food, healthy",480p,Yes
Yoga for Beginners #41,213797,25065,1100,6167,20:22,05-07-2022,Lifestyle,753950,WanderlustVibes,"ai, tools, technology",480p,Yes
Learn Python Basics #15,325344,33058,407,8642,10:34,08-04-2023,Education,4477186,DailyExplorer,"python, programming, tutorial",1080p,Yes
Digital Marketing Tips #88,233090,24485,954,7245,11:56,31-10-2023,Lifestyle,854038,DailyExplorer,"python, programming, tutorial",720p,Yes
Home Workout #9,41827,4347,158,724,11:01,29-05-2022,Education,186898,CodeWithAtul,"workout, fitness, home",480p,Yes
Digital Marketing Tips #25,470952,24781,562,6758,12:11,18-12-2023,Technology,417155,AIWorld,"ai, tools, technology",480p,No
Learn Python Basics #32,275084,25273,2465,3339,10:42,25-09-2023,Travel,3357883,CodeWithAtul,"ai, tools, technology",720p,Yes
Daily Vlog #32,405929,14271,604,2107,11:11,03-08-2022,Health,3881014,AIWorld,"reactjs, coding, javascript",720p,No
Yoga for Beginners #9,30737,3869,144,1071,03:45,10-04-2022,Travel,1680134,ReactGuru,"marketing, tips, online",1080p,No
Healthy Snacks #84,51330,3866,327,1125,20:27,12-07-2022,Health,574113,CodeWithAtul,"reactjs, coding, javascript",1080p,Yes
Daily Vlog #9,262708,29301,894,4399,16:45,13-01-2023,Education,510423,YogaLife,"travel, guide, adventure",720p,Yes
Home Workout #22,282422,29095,999,5765,04:41,01-04-2023,Marketing,440802,CodeWithAtul,"ai, tools, technology",1080p,Yes
Daily Vlog #43,387132,40762,4047,5025,17:02,05-08-2022,Technology,4890412,ReactGuru,"ai, tools, technology",480p,No
Home Workout #64,269729,20231,1760,4962,18:05,10-01-2022,Lifestyle,3680542,ReactGuru,"workout, fitness, home",480p,Yes
Learn Python Basics #91,43662,3658,266,905,14:09,07-06-2022,Technology,3397925,ReactGuru,"vlog, lifestyle, travel",1080p,No
Top 10 AI Tools #39,41657,5740,302,1456,12:33,17-11-2022,Travel,3432727,WanderlustVibes,"marketing, tips, online",1080p,Yes
React JS Crash Course #98,22842,2258,29,345,17:10,24-07-2022,Technology,2664061,DailyExplorer,"reactjs, coding, javascript",480p,Yes
Healthy Snacks #31,213825,17610,1493,4320,07:53,06-12-2023,Marketing,3454414,WanderlustVibes,"vlog, lifestyle, travel",480p,No
Learn Python Basics #53,462098,19325,1003,3787,13:34,24-01-2023,Lifestyle,3182577,WanderlustVibes,"workout, fitness, home",1080p,No
Home Workout #6,168638,23556,515,4128,14:05,17-02-2022,Lifestyle,1807516,CodeWithAtul,"ai, tools, technology",480p,No
React JS Crash Course #92,58617,4738,121,1342,14:32,11-03-2023,Marketing,1264242,WanderlustVibes,"vlog, lifestyle, travel",480p,No
Healthy Snacks #54,247368,12459,1013,3481,16:43,14-01-2023,Education,1688510,DailyExplorer,"snacks, food, healthy",720p,Yes
Learn Python Basics #6,369321,25279,470,5888,11:31,21-11-2022,Health,1588820,WanderlustVibes,"workout, fitness, home",480p,Yes
Healthy Snacks #10,475467,22865,1421,3046,19:57,18-06-2023,Marketing,1842496,AIWorld,"vlog, lifestyle, travel",480p,Yes
Learn Python Basics #21,122585,17984,937,3519,20:56,14-02-2023,Marketing,2647359,WanderlustVibes,"workout, fitness, home",480p,No
Yoga for Beginners #3,306508,17474,1442,3754,13:44,14-01-2022,Travel,249882,CodeWithAtul,"snacks, food, healthy",720p,No
Digital Marketing Tips #4,474755,28443,2765,5878,19:10,16-05-2022,Marketing,2782381,AIWorld,"vlog, lifestyle, travel",1080p,Yes
Home Workout #60,131956,5208,118,834,11:05,19-05-2023,Travel,2390951,ReactGuru,"travel, guide, adventure",720p,Yes
Digital Marketing Tips #17,185843,20237,1693,3863,18:54,28-02-2023,Marketing,1335963,DailyExplorer,"python, programming, tutorial",480p,No
Digital Marketing Tips #76,232525,21760,1411,3912,12:51,15-08-2023,Education,2601726,YogaLife,"ai, tools, technology",480p,Yes
Top 10 AI Tools #4,59939,1822,47,483,15:46,14-03-2022,Travel,2514808,WanderlustVibes,"yoga, health, wellness",720p,Yes
Top 10 AI Tools #94,39124,5057,98,1263,04:18,13-06-2023,Lifestyle,846266,ReactGuru,"ai, tools, technology",480p,Yes
Travel Guide #91,88396,4101,371,747,07:13,25-03-2022,Technology,237698,DailyExplorer,"reactjs, coding, javascript",480p,Yes
Top 10 AI Tools #35,39352,2027,90,280,16:57,13-05-2022,Health,341084,CodeWithAtul,"marketing, tips, online",720p,No
Travel Guide #32,381782,35079,1177,6636,06:00,03-06-2022,Marketing,2185199,WanderlustVibes,"python, programming, tutorial",480p,Yes
Learn Python Basics #87,175959,7432,697,1570,08:16,29-07-2023,Travel,2799464,ReactGuru,"reactjs, coding, javascript",720p,Yes
Healthy Snacks #86,15531,1916,34,510,16:38,29-01-2023,Marketing,3887859,DailyExplorer,"snacks, food, healthy",480p,Yes
Home Workout #15,166357,8244,479,961,14:52,15-10-2023,Technology,3970152,CodeWithAtul,"ai, tools, technology",1080p,Yes
Home Workout #12,378475,44398,2674,5654,17:12,22-06-2022,Technology,4274952,AIWorld,"python, programming, tutorial",720p,No
React JS Crash Course #10,82715,5636,526,831,12:25,12-02-2022,Technology,4275737,YogaLife,"marketing, tips, online",720p,No
Digital Marketing Tips #46,334209,47912,2614,7010,07:44,02-08-2023,Marketing,4913878,WanderlustVibes,"ai, tools, technology",720p,No
Top 10 AI Tools #32,292730,18234,338,4666,08:27,08-02-2023,Technology,1262021,DailyExplorer,"workout, fitness, home",720p,No
Daily Vlog #80,108634,5321,190,1097,04:47,07-04-2022,Technology,4880287,AIWorld,"reactjs, coding, javascript",1080p,Yes
Daily Vlog #77,236942,11661,708,2446,08:17,29-12-2023,Lifestyle,818675,YogaLife,"travel, guide, adventure",1080p,Yes
Daily Vlog #62,447725,15983,563,4256,16:20,28-02-2022,Education,3232494,CodeWithAtul,"vlog, lifestyle, travel",480p,Yes
Healthy Snacks #78,478712,52220,3311,8827,19:43,02-09-2023,Lifestyle,4315828,AIWorld,"ai, tools, technology",480p,Yes
Data Analysis with Python #98,396192,34922,614,4558,19:08,12-08-2023,Lifestyle,1136984,YogaLife,"yoga, health, wellness",720p,No
Healthy Snacks #93,471804,47798,3055,9267,18:54,01-04-2022,Education,687507,DailyExplorer,"ai, tools, technology",1080p,Yes
Data Analysis with Python #30,129973,15297,905,2467,11:37,01-04-2022,Lifestyle,631124,ReactGuru,"ai, tools, technology",1080p,No
Healthy Snacks #24,265083,38579,3242,9888,09:47,19-01-2023,Technology,3748784,AIWorld,"vlog, lifestyle, travel",480p,No
Learn Python Basics #64,369391,32293,858,7220,08:07,25-11-2023,Health,3533480,YogaLife,"vlog, lifestyle, travel",720p,Yes
Home Workout #8,111062,14308,870,1966,04:36,01-05-2022,Technology,4082308,DailyExplorer,"ai, tools, technology",720p,No
Data Analysis with Python #3,376765,56003,1848,16200,06:25,24-12-2023,Lifestyle,3375819,WanderlustVibes,"yoga, health, wellness",480p,Yes
Yoga for Beginners #14,327903,22569,2218,5134,07:30,02-05-2023,Education,4621869,YogaLife,"travel, guide, adventure",480p,No
Top 10 AI Tools #97,145352,9046,637,1615,18:39,30-05-2023,Education,720017,DailyExplorer,"travel, guide, adventure",1080p,No
Top 10 AI Tools #68,395275,57821,3250,5913,07:16,17-07-2023,Marketing,3150415,CodeWithAtul,"snacks, food, healthy",480p,Yes
React JS Crash Course #14,241217,24819,1027,4480,15:24,04-07-2022,Technology,2444162,ReactGuru,"workout, fitness, home",720p,Yes
Yoga for Beginners #23,308094,12898,664,2982,04:25,16-12-2022,Lifestyle,4813590,YogaLife,"marketing, tips, online",480p,Yes
Travel Guide #86,325600,11489,298,2614,17:17,25-03-2022,Marketing,2206338,DailyExplorer,"travel, guide, adventure",1080p,No
Home Workout #30,189218,17634,499,3711,09:15,07-02-2023,Travel,4154382,YogaLife,"vlog, lifestyle, travel",1080p,No
Data Analysis with Python #41,129652,9239,554,1844,10:13,14-06-2023,Marketing,4175454,ReactGuru,"snacks, food, healthy",1080p,No
Travel Guide #2,325121,28610,2513,5013,19:11,17-03-2023,Health,1194106,DailyExplorer,"marketing, tips, online",720p,Yes
Digital Marketing Tips #63,293504,15435,1512,1823,14:40,14-09-2022,Technology,1107039,DailyExplorer,"ai, tools, technology",720p,Yes
React JS Crash Course #61,375396,42159,712,10431,04:06,07-09-2022,Marketing,314233,YogaLife,"vlog, lifestyle, travel",720p,No
Yoga for Beginners #52,204858,10988,1044,1408,04:40,15-11-2023,Lifestyle,2468009,DailyExplorer,"marketing, tips, online",1080p,Yes
Daily Vlog #55,178394,18279,1809,5054,06:24,25-04-2023,Lifestyle,1321406,DailyExplorer,"snacks, food, healthy",480p,Yes
Travel Guide #60,198920,6645,546,1351,06:45,19-01-2022,Education,2081885,AIWorld,"travel, guide, adventure",720p,No
Top 10 AI Tools #36,15340,1619,73,222,18:35,01-10-2022,Technology,1770083,DailyExplorer,"reactjs, coding, javascript",480p,Yes
Travel Guide #85,483475,22110,224,6522,03:38,23-03-2023,Lifestyle,2382383,ReactGuru,"marketing, tips, online",720p,Yes
Digital Marketing Tips #38,333793,26994,2292,3962,19:12,09-04-2022,Marketing,3693196,ReactGuru,"marketing, tips, online",720p,No
Healthy Snacks #48,304924,24593,2374,5679,16:47,10-09-2023,Marketing,2602938,WanderlustVibes,"python, programming, tutorial",1080p,Yes
Daily Vlog #71,433352,63348,4814,7253,18:37,21-12-2023,Travel,2885743,CodeWithAtul,"ai, tools, technology",720p,No
Home Workout #57,460429,39769,2275,5515,14:51,10-10-2023,Travel,112980,CodeWithAtul,"travel, guide, adventure",720p,Yes
Travel Guide #72,394682,38241,2415,5351,20:17,17-08-2023,Education,837562,CodeWithAtul,"vlog, lifestyle, travel",480p,Yes
Travel Guide #3,19334,1464,105,306,11:08,25-07-2023,Travel,2750564,YogaLife,"snacks, food, healthy",1080p,No
Home Workout #45,387622,39798,1888,8607,06:17,26-03-2023,Lifestyle,4517596,ReactGuru,"ai, tools, technology",1080p,No
Learn Python Basics #71,459139,27135,1790,5385,06:08,22-05-2023,Lifestyle,2189571,YogaLife,"python, programming, tutorial",1080p,No
Yoga for Beginners #43,208294,9985,781,1701,14:44,16-02-2023,Travel,3472293,WanderlustVibes,"marketing, tips, online",720p,No
React JS Crash Course #16,375513,13163,165,2147,05:41,25-01-2022,Lifestyle,3853098,ReactGuru,"python, programming, tutorial",720p,Yes
Home Workout #59,90678,9215,845,2419,07:24,19-12-2022,Technology,3397063,AIWorld,"travel, guide, adventure",480p,No
Home Workout #33,224663,27509,1189,2995,13:27,06-11-2023,Education,1377978,DailyExplorer,"reactjs, coding, javascript",480p,No
Healthy Snacks #10,198563,29657,1109,5478,20:32,29-04-2022,Technology,4474024,WanderlustVibes,"marketing, tips, online",1080p,Yes
Yoga for Beginners #42,266453,15173,455,2374,17:41,14-03-2023,Health,4588967,DailyExplorer,"vlog, lifestyle, travel",720p,No
Yoga for Beginners #52,88546,2751,153,419,07:03,20-10-2022,Travel,3500843,AIWorld,"vlog, lifestyle, travel",1080p,Yes
Home Workout #81,130733,9274,518,994,03:03,12-03-2022,Education,4516132,DailyExplorer,"ai, tools, technology",480p,No
Top 10 AI Tools #50,236369,33176,792,8868,08:07,08-08-2023,Health,2648425,WanderlustVibes,"yoga, health, wellness",1080p,Yes
Daily Vlog #80,377899,23794,1634,3646,06:15,27-09-2023,Education,4994293,WanderlustVibes,"marketing, tips, online",480p,Yes
Home Workout #30,142307,16267,1029,2610,11:50,14-05-2023,Lifestyle,960114,AIWorld,"yoga, health, wellness",480p,No
Yoga for Beginners #93,324114,45474,2547,11932,11:24,05-03-2023,Technology,4761169,YogaLife,"reactjs, coding, javascript",1080p,Yes
Home Workout #3,452842,64879,2536,12213,06:49,09-01-2023,Education,3019026,WanderlustVibes,"workout, fitness, home",480p,Yes
Daily Vlog #73,239192,19699,1320,3943,08:43,15-11-2023,Travel,2658207,WanderlustVibes,"reactjs, coding, javascript",1080p,Yes
Yoga for Beginners #36,344621,17155,1581,2218,06:27,07-07-2022,Education,2041970,DailyExplorer,"travel, guide, adventure",1080p,Yes
React JS Crash Course #80,250901,12770,621,2432,20:06,18-02-2022,Technology,4556321,AIWorld,"yoga, health, wellness",720p,No
Digital Marketing Tips #42,430221,50353,4429,7812,16:36,08-10-2023,Travel,1264676,DailyExplorer,"ai, tools, technology",480p,No
Data Analysis with Python #92,182014,7415,683,1548,14:54,17-01-2023,Health,2237624,DailyExplorer,"vlog, lifestyle, travel",1080p,No
Digital Marketing Tips #6,114564,15706,715,2631,11:32,26-06-2023,Marketing,1211130,WanderlustVibes,"python, programming, tutorial",720p,Yes
Learn Python Basics #22,488345,28369,1394,6088,13:01,06-06-2022,Education,436632,WanderlustVibes,"reactjs, coding, javascript",1080p,Yes
React JS Crash Course #33,147424,20486,1227,2771,18:59,17-08-2023,Education,2817400,AIWorld,"snacks, food, healthy",1080p,Yes
Data Analysis with Python #74,27941,4047,324,618,20:54,22-03-2022,Travel,208278,DailyExplorer,"reactjs, coding, javascript",720p,Yes
Daily Vlog #18,327607,12818,910,3543,08:47,20-06-2022,Technology,1576861,DailyExplorer,"travel, guide, adventure",480p,No
Top 10 AI Tools #45,143005,17606,338,3139,20:12,26-03-2023,Education,2697452,YogaLife,"yoga, health, wellness",720p,Yes
Travel Guide #77,295475,10635,441,1441,10:37,18-07-2022,Technology,311412,DailyExplorer,"python, programming, tutorial",480p,Yes
Data Analysis with Python #67,158563,7345,103,1211,03:38,02-06-2022,Lifestyle,4255112,CodeWithAtul,"reactjs, coding, javascript",1080p,Yes
Yoga for Beginners #78,45471,2045,129,267,17:08,17-08-2022,Health,1332020,ReactGuru,"ai, tools, technology",720p,Yes
React JS Crash Course #79,480614,58749,1170,15968,04:25,06-02-2022,Education,3664221,YogaLife,"yoga, health, wellness",1080p,Yes
React JS Crash Course #79,161052,8171,420,1402,12:59,06-07-2023,Technology,2974415,CodeWithAtul,"travel, guide, adventure",480p,Yes
Healthy Snacks #47,106096,15660,246,3208,10:40,08-01-2022,Education,3629188,YogaLife,"snacks, food, healthy",1080p,No
Home Workout #30,396526,48316,3265,10825,06:11,05-02-2022,Marketing,4188144,WanderlustVibes,"python, programming, tutorial",1080p,No
Data Analysis with Python #12,411213,40302,1853,9710,19:33,17-02-2022,Technology,1378388,WanderlustVibes,"ai, tools, technology",1080p,No
Digital Marketing Tips #41,213016,28982,1247,7653,13:19,11-01-2022,Technology,893125,AIWorld,"python, programming, tutorial",720p,No
React JS Crash Course #74,192205,13283,645,3160,12:39,07-02-2023,Health,525999,DailyExplorer,"python, programming, tutorial",480p,No
Digital Marketing Tips #10,84627,11266,791,3002,11:26,26-07-2022,Education,3818821,DailyExplorer,"workout, fitness, home",1080p,No
Data Analysis with Python #15,324401,21845,1638,2379,10:51,05-03-2023,Marketing,2954022,ReactGuru,"vlog, lifestyle, travel",720p,Yes
Daily Vlog #56,448540,48550,1959,5725,15:41,09-07-2023,Marketing,1996952,DailyExplorer,"workout, fitness, home",1080p,Yes
Top 10 AI Tools #52,218036,20166,849,5373,11:22,15-05-2022,Travel,4714353,AIWorld,"workout, fitness, home",1080p,Yes
Yoga for Beginners #15,419946,52898,2101,6079,19:16,31-05-2022,Marketing,4300910,YogaLife,"python, programming, tutorial",480p,No
Home Workout #71,86860,2843,274,504,04:52,27-02-2023,Lifestyle,3378850,CodeWithAtul,"yoga, health, wellness",720p,No
Daily Vlog #64,47655,5712,547,742,16:29,11-06-2023,Technology,3815650,ReactGuru,"vlog, lifestyle, travel",720p,No
React JS Crash Course #82,13518,1600,124,183,15:16,20-01-2023,Marketing,649734,WanderlustVibes,"vlog, lifestyle, travel",720p,No
Travel Guide #99,229882,34062,1509,5935,06:20,03-11-2023,Lifestyle,3765841,ReactGuru,"travel, guide, adventure",720p,Yes
Learn Python Basics #91,35673,1743,117,396,07:41,30-07-2023,Education,3687779,DailyExplorer,"yoga, health, wellness",480p,Yes
Healthy Snacks #35,137127,9295,147,1059,07:46,02-02-2022,Technology,1410839,DailyExplorer,"yoga, health, wellness",480p,No
React JS Crash Course #68,365661,39469,877,11742,11:41,27-05-2023,Technology,1792950,WanderlustVibes,"ai, tools, technology",720p,Yes
React JS Crash Course #80,439563,31102,1285,4315,06:05,01-10-2023,Travel,2651659,CodeWithAtul,"travel, guide, adventure",1080p,No
Data Analysis with Python #42,147981,14731,383,2724,10:15,29-08-2022,Lifestyle,1885140,AIWorld,"marketing, tips, online",720p,No
Travel Guide #36,194955,24465,2128,4173,10:50,03-07-2023,Marketing,3822516,DailyExplorer,"vlog, lifestyle, travel",720p,Yes
Yoga for Beginners #32,331406,18326,1364,5101,12:09,05-07-2023,Education,1517805,DailyExplorer,"reactjs, coding, javascript",480p,Yes
React JS Crash Course #3,82843,9783,521,2344,15:59,31-10-2022,Education,1436263,AIWorld,"ai, tools, technology",1080p,Yes
Data Analysis with Python #68,148249,8713,532,2066,04:56,14-09-2023,Lifestyle,2147471,ReactGuru,"reactjs, coding, javascript",480p,No
Top 10 AI Tools #8,263717,27336,2225,7528,20:06,15-09-2023,Education,835455,WanderlustVibes,"travel, guide, adventure",720p,Yes
React JS Crash Course #62,408072,21038,1255,5678,20:57,15-12-2023,Travel,1324919,ReactGuru,"snacks, food, healthy",480p,Yes
Travel Guide #49,189383,20824,1760,4793,08:54,30-08-2022,Lifestyle,1179404,ReactGuru,"reactjs, coding, javascript",720p,No
Data Analysis with Python #42,408836,13410,640,3916,14:34,13-03-2022,Education,2000307,YogaLife,"workout, fitness, home",1080p,Yes
Top 10 AI Tools #17,78431,10985,953,3236,07:36,30-11-2023,Marketing,218088,WanderlustVibes,"python, programming, tutorial",1080p,No
Daily Vlog #46,239183,7492,252,1947,04:51,01-10-2022,Marketing,3933705,YogaLife,"vlog, lifestyle, travel",480p,Yes
Data Analysis with Python #16,103706,14016,1261,1472,14:51,16-01-2022,Health,3184951,ReactGuru,"python, programming, tutorial",720p,No
Data Analysis with Python #68,300995,30682,2900,5869,06:42,18-01-2022,Travel,1329042,CodeWithAtul,"ai, tools, technology",480p,Yes
Data Analysis with Python #18,130800,10504,776,1107,05:44,02-12-2022,Technology,3369176,CodeWithAtul,"yoga, health, wellness",1080p,No
Digital Marketing Tips #25,125999,9989,237,1773,18:57,18-07-2023,Marketing,1099790,ReactGuru,"workout, fitness, home",720p,No
React JS Crash Course #18,175420,10203,704,2801,07:57,22-01-2023,Travel,3032282,YogaLife,"workout, fitness, home",1080p,Yes
React JS Crash Course #14,451700,63554,5246,9032,08:10,29-01-2022,Education,4619707,CodeWithAtul,"marketing, tips, online",1080p,Yes
Home Workout #99,321166,30006,709,7887,03:32,02-08-2023,Education,3572078,YogaLife,"workout, fitness, home",1080p,No
Travel Guide #51,402726,20454,755,5976,08:50,19-06-2023,Health,7085,DailyExplorer,"marketing, tips, online",720p,No
Yoga for Beginners #29,253239,21849,1960,2958,06:54,29-09-2022,Education,21691,CodeWithAtul,"ai, tools, technology",720p,No
Yoga for Beginners #38,246839,20414,1962,4536,18:23,28-02-2023,Technology,1281721,ReactGuru,"ai, tools, technology",720p,Yes
Learn Python Basics #98,158018,23361,242,6025,12:58,14-10-2023,Technology,4351265,ReactGuru,"reactjs, coding, javascript",720p,No
Travel Guide #38,396935,50394,4771,10783,14:16,08-01-2023,Education,3875855,WanderlustVibes,"yoga, health, wellness",720p,Yes
Yoga for Beginners #84,40437,1906,24,328,03:18,13-03-2022,Marketing,4316882,ReactGuru,"marketing, tips, online",1080p,No
Home Workout #94,162821,14845,1164,2298,13:09,01-11-2022,Education,4268579,CodeWithAtul,"ai, tools, technology",1080p,Yes
Daily Vlog #86,186003,12008,702,2860,11:05,07-05-2023,Travel,4885469,CodeWithAtul,"python, programming, tutorial",720p,Yes
React JS Crash Course #17,55449,5946,428,1680,12:56,19-05-2023,Health,3927475,AIWorld,"snacks, food, healthy",720p,Yes
Healthy Snacks #72,162184,18627,1251,4137,19:47,03-07-2022,Education,4034039,DailyExplorer,"marketing, tips, online",1080p,Yes
Yoga for Beginners #65,323501,23400,1432,3028,18:15,27-07-2022,Health,3448057,AIWorld,"marketing, tips, online",720p,Yes
Top 10 AI Tools #46,55882,7509,334,1467,08:36,19-09-2022,Travel,2076518,AIWorld,"marketing, tips, online",720p,No
Healthy Snacks #35,17364,1872,174,209,11:09,01-03-2023,Marketing,1865257,ReactGuru,"travel, guide, adventure",480p,No
Data Analysis with Python #46,256258,38419,3297,10151,03:27,03-08-2023,Marketing,156855,CodeWithAtul,"ai, tools, technology",480p,Yes
Travel Guide #55,488374,37769,2081,3818,06:47,27-05-2023,Marketing,2388017,WanderlustVibes,"vlog, lifestyle, travel",480p,No
Daily Vlog #35,446005,55743,3748,12373,09:07,26-10-2022,Technology,3386682,DailyExplorer,"reactjs, coding, javascript",1080p,No
Home Workout #71,482102,54443,4541,6398,18:42,27-09-2023,Lifestyle,1898392,WanderlustVibes,"vlog, lifestyle, travel",480p,Yes
Daily Vlog #62,27414,1659,99,383,06:19,31-08-2022,Marketing,1035702,YogaLife,"vlog, lifestyle, travel",1080p,Yes
Travel Guide #38,16832,1697,105,318,04:58,03-01-2022,Lifestyle,262477,AIWorld,"workout, fitness, home",480p,No
Healthy Snacks #77,312192,16317,172,2598,16:24,25-12-2022,Health,2404225,CodeWithAtul,"ai, tools, technology",480p,Yes
Data Analysis with Python #20,451104,40007,3280,11387,14:33,21-08-2023,Technology,4108361,AIWorld,"python, programming, tutorial",720p,Yes
Learn Python Basics #64,237253,10698,1023,1668,15:07,01-06-2023,Travel,3992286,YogaLife,"workout, fitness, home",480p,Yes
Healthy Snacks #8,75867,8139,675,1741,12:24,24-08-2023,Travel,109229,CodeWithAtul,"reactjs, coding, javascript",480p,No
Digital Marketing Tips #98,413793,61301,5104,17029,06:11,12-09-2022,Education,2401641,WanderlustVibes,"python, programming, tutorial",720p,Yes
Home Workout #53,230086,29967,1892,5222,14:03,26-07-2022,Education,4186338,CodeWithAtul,"yoga, health, wellness",1080p,No
Learn Python Basics #5,228178,11572,306,3160,19:58,01-07-2022,Lifestyle,2448370,YogaLife,"travel, guide, adventure",1080p,No
Healthy Snacks #24,247143,10372,950,1471,04:58,31-08-2023,Lifestyle,1732921,CodeWithAtul,"snacks, food, healthy",1080p,No
Digital Marketing Tips #29,109548,12057,122,1590,10:29,07-06-2023,Health,3714011,WanderlustVibes,"python, programming, tutorial",480p,Yes
Healthy Snacks #51,220191,15305,170,4577,20:49,09-04-2023,Technology,1502957,AIWorld,"ai, tools, technology",480p,No
React JS Crash Course #32,317523,29996,1944,4006,05:43,06-05-2023,Health,4375842,ReactGuru,"vlog, lifestyle, travel",1080p,No
Yoga for Beginners #70,427071,26277,1210,6356,16:35,08-11-2022,Health,4862301,AIWorld,"travel, guide, adventure",720p,No
Digital Marketing Tips #80,379625,50692,4206,7610,17:51,05-03-2022,Marketing,4449092,WanderlustVibes,"snacks, food, healthy",1080p,No
Healthy Snacks #28,67035,7803,713,1376,08:25,17-07-2022,Health,1888311,AIWorld,"workout, fitness, home",720p,No
Digital Marketing Tips #10,184864,24349,761,6553,09:41,26-05-2022,Technology,3206048,YogaLife,"snacks, food, healthy",1080p,Yes
Daily Vlog #92,217497,8907,745,1301,14:03,27-11-2022,Travel,1461645,ReactGuru,"travel, guide, adventure",1080p,Yes
Healthy Snacks #11,108306,16134,1050,2282,08:08,09-08-2022,Marketing,3993582,AIWorld,"marketing, tips, online",480p,Yes
Daily Vlog #29,480147,24921,1466,6179,09:09,03-12-2022,Education,1439124,CodeWithAtul,"snacks, food, healthy",1080p,No
Data Analysis with Python #57,194978,10871,896,2884,10:18,25-06-2023,Education,137268,ReactGuru,"snacks, food, healthy",1080p,No
React JS Crash Course #17,409699,22608,435,5028,09:20,16-12-2023,Travel,3668489,CodeWithAtul,"vlog, lifestyle, travel",480p,Yes
Travel Guide #37,28939,3732,171,918,18:42,14-09-2022,Marketing,1775670,CodeWithAtul,"reactjs, coding, javascript",720p,No
Data Analysis with Python #51,259205,18746,679,3609,06:20,09-08-2022,Lifestyle,1746290,YogaLife,"python, programming, tutorial",720p,No
React JS Crash Course #48,188358,12748,849,2076,18:47,17-12-2023,Education,1348303,DailyExplorer,"snacks, food, healthy",480p,Yes
React JS Crash Course #39,435877,61097,4759,9239,08:24,21-07-2022,Marketing,647127,ReactGuru,"travel, guide, adventure",480p,Yes
Home Workout #89,221212,22233,1943,3399,14:05,21-06-2023,Technology,3297397,CodeWithAtul,"vlog, lifestyle, travel",720p,No
React JS Crash Course #11,116543,4929,375,640,17:24,06-09-2023,Health,4474016,CodeWithAtul,"vlog, lifestyle, travel",480p,Yes
Learn Python Basics #93,456578,19097,885,4971,14:53,06-03-2022,Technology,1194648,DailyExplorer,"reactjs, coding, javascript",720p,Yes
Data Analysis with Python #56,424547,43325,711,12279,04:29,09-03-2023,Lifestyle,2533101,DailyExplorer,"travel, guide, adventure",480p,Yes
Data Analysis with Python #91,212098,19099,1394,4646,09:04,05-08-2022,Travel,2263764,WanderlustVibes,"reactjs, coding, javascript",1080p,Yes
Travel Guide #9,207507,30549,1894,3946,10:59,18-09-2023,Education,521012,AIWorld,"vlog, lifestyle, travel",480p,No
Healthy Snacks #35,169199,6393,628,1321,15:41,16-05-2022,Lifestyle,2858836,AIWorld,"yoga, health, wellness",480p,No
Daily Vlog #10,350816,34826,3212,3935,08:25,03-04-2022,Travel,3965168,WanderlustVibes,"vlog, lifestyle, travel",480p,No
Digital Marketing Tips #11,225370,9083,539,2708,03:32,01-06-2023,Health,865479,CodeWithAtul,"workout, fitness, home",720p,Yes
Daily Vlog #66,472219,24596,772,6313,10:11,13-02-2022,Marketing,848576,AIWorld,"ai, tools, technology",1080p,Yes
Home Workout #56,123000,12283,259,2816,06:55,28-01-2023,Lifestyle,2927639,AIWorld,"snacks, food, healthy",480p,Yes
React JS Crash Course #13,444958,54549,2932,16080,06:28,20-06-2022,Travel,4117180,WanderlustVibes,"reactjs, coding, javascript",1080p,Yes
Data Analysis with Python #18,12368,1185,28,297,14:06,14-08-2023,Marketing,465708,AIWorld,"travel, guide, adventure",480p,Yes
Data Analysis with Python #32,305713,33134,1701,6008,10:37,09-08-2023,Technology,144797,AIWorld,"travel, guide, adventure",480p,Yes
Yoga for Beginners #43,58360,7688,263,1356,09:31,09-10-2023,Travel,3253073,DailyExplorer,"vlog, lifestyle, travel",480p,No
Data Analysis with Python #3,145978,6453,165,904,06:44,14-09-2023,Travel,339779,DailyExplorer,"vlog, lifestyle, travel",1080p,No
Digital Marketing Tips #91,437440,42485,4207,6727,18:33,29-10-2023,Health,3984240,DailyExplorer,"reactjs, coding, javascript",480p,Yes
Data Analysis with Python #17,141113,6142,61,1464,16:11,26-05-2022,Lifestyle,3381618,WanderlustVibes,"ai, tools, technology",480p,No
Digital Marketing Tips #30,72815,7825,710,1434,16:41,20-07-2022,Education,3081311,WanderlustVibes,"marketing, tips, online",720p,Yes
Learn Python Basics #3,209001,25742,1255,6330,04:08,18-07-2023,Education,1681921,ReactGuru,"yoga, health, wellness",480p,Yes
Top 10 AI Tools #16,347394,37512,3161,6058,15:46,15-11-2022,Education,3782526,ReactGuru,"python, programming, tutorial",480p,No
Yoga for Beginners #70,336013,11945,946,2868,09:29,30-04-2023,Education,1856475,YogaLife,"snacks, food, healthy",720p,No
Data Analysis with Python #79,11539,1574,83,438,20:35,11-09-2023,Education,1066097,YogaLife,"marketing, tips, online",480p,No
Learn Python Basics #99,222692,16809,1561,2959,13:32,11-06-2022,Travel,3252164,AIWorld,"python, programming, tutorial",1080p,No
React JS Crash Course #54,419255,61770,6046,18148,03:49,19-06-2023,Travel,1205470,YogaLife,"python, programming, tutorial",720p,No
Healthy Snacks #100,326036,24941,736,2847,14:33,16-03-2023,Health,1757735,WanderlustVibes,"python, programming, tutorial",480p,Yes
Daily Vlog #54,318836,45520,3043,4807,18:19,30-10-2023,Marketing,1501237,CodeWithAtul,"yoga, health, wellness",480p,No
Travel Guide #89,118446,13357,400,3522,18:07,02-01-2023,Travel,2293764,CodeWithAtul,"vlog, lifestyle, travel",720p,Yes
Healthy Snacks #91,112078,4497,330,581,08:44,07-09-2023,Travel,3678499,ReactGuru,"yoga, health, wellness",1080p,Yes
Top 10 AI Tools #90,226750,29855,905,5706,05:24,25-06-2022,Technology,3751042,DailyExplorer,"yoga, health, wellness",1080p,No
Top 10 AI Tools #87,120970,10686,1027,2291,04:45,19-03-2023,Travel,1191561,AIWorld,"reactjs, coding, javascript",1080p,No
Top 10 AI Tools #9,128627,18186,1803,5291,16:55,06-08-2023,Travel,4466190,DailyExplorer,"ai, tools, technology",720p,No
Digital Marketing Tips #50,435215,56288,1470,9860,08:15,07-09-2023,Marketing,2193468,DailyExplorer,"snacks, food, healthy",720p,No
Yoga for Beginners #9,488750,68298,4958,10425,16:33,19-05-2023,Education,3309537,WanderlustVibes,"vlog, lifestyle, travel",1080p,No
Daily Vlog #8,441492,43905,3165,4415,04:35,29-08-2023,Education,3419078,AIWorld,"marketing, tips, online",1080p,No
Home Workout #12,153622,21876,459,2459,09:50,24-08-2022,Marketing,1892911,DailyExplorer,"snacks, food, healthy",720p,No
Learn Python Basics #41,184149,18061,1281,5126,10:58,23-02-2022,Marketing,3893646,WanderlustVibes,"marketing, tips, online",480p,No
Digital Marketing Tips #6,80731,7216,129,2120,16:07,02-07-2023,Marketing,2765699,DailyExplorer,"vlog, lifestyle, travel",480p,No
Healthy Snacks #11,372678,54267,3414,13045,14:12,02-03-2023,Marketing,2215679,DailyExplorer,"travel, guide, adventure",480p,No
Learn Python Basics #90,169195,20584,290,6156,12:20,17-11-2022,Technology,880030,WanderlustVibes,"snacks, food, healthy",720p,Yes
Yoga for Beginners #94,26470,2036,20,319,13:01,14-07-2022,Technology,2731602,YogaLife,"reactjs, coding, javascript",1080p,No
Top 10 AI Tools #32,463774,44010,3962,5384,17:45,20-06-2023,Technology,4295410,AIWorld,"yoga, health, wellness",480p,No
Travel Guide #80,226278,32053,2276,5592,09:42,28-04-2023,Marketing,1424107,YogaLife,"travel, guide, adventure",720p,Yes
Travel Guide #5,401711,21325,1749,2459,06:58,02-01-2022,Lifestyle,1815019,WanderlustVibes,"snacks, food, healthy",1080p,No
Data Analysis with Python #18,251646,28144,2807,5790,11:53,08-07-2023,Marketing,4251003,AIWorld,"reactjs, coding, javascript",1080p,Yes
Data Analysis with Python #41,296429,44182,1349,11981,18:01,08-03-2022,Education,532308,AIWorld,"snacks, food, healthy",720p,No
Digital Marketing Tips #47,302411,10886,1054,2375,18:26,01-08-2023,Marketing,2541488,AIWorld,"workout, fitness, home",480p,No
Learn Python Basics #58,415998,13556,1185,1759,13:51,29-06-2023,Technology,2861372,AIWorld,"vlog, lifestyle, travel",480p,No
Learn Python Basics #56,395803,20821,548,2633,16:18,16-06-2023,Marketing,1864869,DailyExplorer,"ai, tools, technology",1080p,No
Healthy Snacks #16,231227,23888,643,5609,11:55,08-10-2022,Marketing,1426996,CodeWithAtul,"snacks, food, healthy",480p,Yes
